{
    "heatvision.charge": {
        "sounds": [
            "heatvision/heatvision_charge"
        ],
        "category": "player"
    },
    "heatvision.shoot": {
        "sounds": [
            "heatvision/heatvision_shoot"
        ],
        "category": "player"
    },
    "heatvision.loop": {
        "sounds": [
            "heatvision/heatvision_loop"
        ],
        "category": "player"
    },
    "heatvision.stop": {
        "sounds": [
            "heatvision/heatvision_stop"
        ],
        "category": "player"
    }
}